Read Group Name GATK,Paivi Sample Name for Libraries
P10_BC10_sorted_rg,EU-12-1
P10_BC11_sorted_rg,AU-14-1
P10_BC12_sorted_rg,AU-1-5
P10_BC13_sorted_rg,EU-10-3
P10_BC14_sorted_rg,CL-10-2
P10_BC15_sorted_rg,EU-89-1
P10_BC16_sorted_rg,CU-21-1
P10_BC17_sorted_rg,EU-31-3
P10_BC18_sorted_rg,AL-2-4
P10_BC19_sorted_rg,CU-11-1
P10_BC1_sorted_rg,AU-29-1
P10_BC20_sorted_rg,EL-83-1
P10_BC21_sorted_rg,AL-5-9
P10_BC22_sorted_rg,CL-11-1
P10_BC23_sorted_rg,AL-5-2
P10_BC24_sorted_rg,AU-29-6
P10_BC25_sorted_rg,CL-36-1
P10_BC26_sorted_rg,CL-11-3
P10_BC27_sorted_rg,AU-8-2
P10_BC28_sorted_rg,CL-20-2
P10_BC29_sorted_rg,EU-13-2
P10_BC2_sorted_rg,EU-29-1
P10_BC30_sorted_rg,EL-5-1
P10_BC31_sorted_rg,AU-33-6
P10_BC32_sorted_rg,EL-92-1-2
P10_BC33_sorted_rg,CL-48-2
P10_BC34_sorted_rg,CL-2-1
P10_BC35_sorted_rg,CU-11-3
P10_BC36_sorted_rg,EU-10-1
P10_BC37_sorted_rg,EL-22-3
P10_BC3_sorted_rg,EL-98-1
P10_BC4_sorted_rg,CU-66-1
P10_BC5_sorted_rg,EU-4-3
P10_BC6_sorted_rg,SHL-21
P10_BC7_sorted_rg,EL-4-3
P10_BC8_sorted_rg,CL-36-2
P10_BC9_sorted_rg,CU-37-1
P11_BC10_sorted_rg,CU-72-1
P11_BC11_sorted_rg,EU-9-1
P11_BC12_sorted_rg,AU-32-3
P11_BC13_sorted_rg,EU-2-1
P11_BC14_sorted_rg,CU-20-3
P11_BC15_sorted_rg,AU-31-5
P11_BC16_sorted_rg,CU-79-1-1
P11_BC17_sorted_rg,EL-85-1
P11_BC18_sorted_rg,EU-38-2
P11_BC19_sorted_rg,AU-32-6
P11_BC1_sorted_rg,EU-57-1
P11_BC20_sorted_rg,EU-23-3
P11_BC21_sorted_rg,AU-10-7
P11_BC22_sorted_rg,CU-75-1
P11_BC23_sorted_rg,AU-14-2
P11_BC24_sorted_rg,CU-55-1
P11_BC25_sorted_rg,EL-97-2
P11_BC26_sorted_rg,EU-88-2
P11_BC27_sorted_rg,EL-86-1
P11_BC28_sorted_rg,EU-7-1
P11_BC29_sorted_rg,CL-8-2
P11_BC2_sorted_rg,CU-80-1
P11_BC30_sorted_rg,AU-32-5
P11_BC31_sorted_rg,EL-31-3
P11_BC32_sorted_rg,CU-77-2
P11_BC33_sorted_rg,AL-3-4
P11_BC34_sorted_rg,AL-4-10
P11_BC35_sorted_rg,EU-6-3
P11_BC36_sorted_rg,EU-83-2
P11_BC37_sorted_rg,EL-23-1
P11_BC38_sorted_rg,EU-23-1
P11_BC39_sorted_rg,EL-85-2
P11_BC3_sorted_rg,EL-81-1
P11_BC40_sorted_rg,EU-11-2
P11_BC41_sorted_rg,EU-42-1
P11_BC42_sorted_rg,EL-20-1
P11_BC43_sorted_rg,AU-15-6
P11_BC44_sorted_rg,CU-73-1
P11_BC45_sorted_rg,AU-25-3
P11_BC46_sorted_rg,CU-84-2
P11_BC47_sorted_rg,CU-7-3
P11_BC48_sorted_rg,EU-26-3
P11_BC4_sorted_rg,CU-24-1
P11_BC5_sorted_rg,EL-75-1
P11_BC6_sorted_rg,CU-53-2
P11_BC7_sorted_rg,AU-14-4
P11_BC8_sorted_rg,CU-47-2
P11_BC9_sorted_rg,CU-48-1
P12_BC10_sorted_rg,CL-4-1
P12_BC11_sorted_rg,AU-3-1
P12_BC12_sorted_rg,EL-15-2
P12_BC13_sorted_rg,EL-2-3
P12_BC14_sorted_rg,CU-31-1
P12_BC15_sorted_rg,AU-10-1
P12_BC16_sorted_rg,CU-73-2
P12_BC17_sorted_rg,EU-22-3
P12_BC18_sorted_rg,AU-3-3
P12_BC19_sorted_rg,EU-3-1
P12_BC1_sorted_rg,EU-8-3
P12_BC20_sorted_rg,AL-3-5
P12_BC21_sorted_rg,AU-20-1
P12_BC22_sorted_rg,CU-86-2
P12_BC23_sorted_rg,CU-14-1
P12_BC24_sorted_rg,AL-4-9
P12_BC25_sorted_rg,EL-37-1
P12_BC26_sorted_rg,EL-48-2
P12_BC27_sorted_rg,EU-51-3
P12_BC28_sorted_rg,AU-21-3
P12_BC29_sorted_rg,AU-11-8
P12_BC2_sorted_rg,CU-79-2
P12_BC30_sorted_rg,CU-8-2
P12_BC31_sorted_rg,AL-2-5
P12_BC32_sorted_rg,AL-6-9
P12_BC33_sorted_rg,CL-41-2
P12_BC34_sorted_rg,AL-4-8
P12_BC35_sorted_rg,EL-31-1
P12_BC36_sorted_rg,AU-25-2
P12_BC37_sorted_rg,EU-31-2
P12_BC38_sorted_rg,CU-42-1
P12_BC39_sorted_rg,CL-42-2
P12_BC3_sorted_rg,EL-13-3
P12_BC40_sorted_rg,EU-50-1
P12_BC41_sorted_rg,AU-15-4
P12_BC42_sorted_rg,EL-29-3
P12_BC43_sorted_rg,AL-7-4
P12_BC44_sorted_rg,EL-28-3
P12_BC45_sorted_rg,CL-42-1
P12_BC46_sorted_rg,AL-5-4
P12_BC47_sorted_rg,AL-2-10
P12_BC48_sorted_rg,CU-85-1
P12_BC4_sorted_rg,CL-50-2
P12_BC5_sorted_rg,AU-6-3
P12_BC6_sorted_rg,CU-88-1
P12_BC7_sorted_rg,EU-28-2
P12_BC8_sorted_rg,EL-43-1
P12_BC9_sorted_rg,CL-44-1
P13_BC10_sorted_rg,EU-30-3
P13_BC11_sorted_rg,EU-61-1
P13_BC12_sorted_rg,EU-51-2
P13_BC13_sorted_rg,AL-9-4
P13_BC14_sorted_rg,CU-22-1
P13_BC15_sorted_rg,AL-8-4
P13_BC16_sorted_rg,EU-22-2
P13_BC17_sorted_rg,AL-8-10
P13_BC18_sorted_rg,AU-7-8
P13_BC19_sorted_rg,CL-5-3
P13_BC1_sorted_rg,CU-22-2
P13_BC20_sorted_rg,EL-77-2
P13_BC21_sorted_rg,CL-23-2
P13_BC22_sorted_rg,AL-10-12
P13_BC23_sorted_rg,EU-49-3
P13_BC24_sorted_rg,CL-28-1
P13_BC25_sorted_rg,EL-32-3
P13_BC26_sorted_rg,CU-17-3
P13_BC27_sorted_rg,EU-78-2
P13_BC28_sorted_rg,AU-11-1
P13_BC29_sorted_rg,EL-60-1
P13_BC2_sorted_rg,CL-37-3
P13_BC30_sorted_rg,EL-5-3
P13_BC31_sorted_rg,CU-59-1
P13_BC32_sorted_rg,CL-60-1
P13_BC33_sorted_rg,EL-80-1
P13_BC34_sorted_rg,EL-78-1
P13_BC35_sorted_rg,CL-35-2
P13_BC36_sorted_rg,CU-20-1
P13_BC37_sorted_rg,EL-58-2
P13_BC38_sorted_rg,EU-78-1
P13_BC39_sorted_rg,EL-31-2
P13_BC3_sorted_rg,EL-87-2
P13_BC40_sorted_rg,EL-61-1
P13_BC41_sorted_rg,EU-35-1
P13_BC42_sorted_rg,EL-32-1
P13_BC43_sorted_rg,AU-2-7-R
P13_BC44_sorted_rg,CU-16-1
P13_BC45_sorted_rg,CU-44-1
P13_BC46_sorted_rg,EL-64-2
P13_BC47_sorted_rg,EL-37-3
P13_BC48_sorted_rg,AU-5-2
P13_BC4_sorted_rg,CU-3-3
P13_BC5_sorted_rg,EL-54-2
P13_BC6_sorted_rg,EL-94-1
P13_BC7_sorted_rg,AU-12-6
P13_BC8_sorted_rg,AU-25-4
P13_BC9_sorted_rg,EU-18-2
P14_BC10_sorted_rg,CU-19-2
P14_BC11_sorted_rg,AU-4-7
P14_BC12_sorted_rg,AL-4-3
P14_BC13_sorted_rg,EL-96-2
P14_BC14_sorted_rg,EL-95-1
P14_BC15_sorted_rg,U-1-1
P14_BC16_sorted_rg,U-1-2
P14_BC17_sorted_rg,EU-47-1
P14_BC18_sorted_rg,AU-1-7
P14_BC19_sorted_rg,CU-32-2
P14_BC1_sorted_rg,EU-21-3
P14_BC20_sorted_rg,CL-29-3
P14_BC21_sorted_rg,EL-50-2
P14_BC22_sorted_rg,EU-77-1
P14_BC23_sorted_rg,AU-15-2
P14_BC24_sorted_rg,EU-79-1
P14_BC25_sorted_rg,CL-51-2
P14_BC26_sorted_rg,EL-68-2
P14_BC27_sorted_rg,EU-76-2
P14_BC28_sorted_rg,EU-33-1
P14_BC29_sorted_rg,AU-4-1
P14_BC2_sorted_rg,AU-7-5
P14_BC30_sorted_rg,EL-57-1
P14_BC31_sorted_rg,EL-87-1
P14_BC32_sorted_rg,AL-9-3
P14_BC33_sorted_rg,EL-30-2
P14_BC34_sorted_rg,TRT-14
P14_BC35_sorted_rg,AU-13-5
P14_BC36_sorted_rg,EU-52-2
P14_BC37_sorted_rg,CU-12-2
P14_BC38_sorted_rg,EU-51-1
P14_BC39_sorted_rg,AU-4-8
P14_BC3_sorted_rg,CL-43-2
P14_BC40_sorted_rg,HHR-12
P14_BC41_sorted_rg,CL-63-2
P14_BC42_sorted_rg,AU-7-3
P14_BC43_sorted_rg,CL-25-2
P14_BC44_sorted_rg,CL-12-2-G
P14_BC45_sorted_rg,EU-81-1
P14_BC46_sorted_rg,EL-100-1
P14_BC47_sorted_rg,AL-2-3
P14_BC48_sorted_rg,AL-10-5
P14_BC4_sorted_rg,EL-73-2
P14_BC5_sorted_rg,EU-46-1
P14_BC6_sorted_rg,EU-1-1
P14_BC7_sorted_rg,EL-72-2
P14_BC8_sorted_rg,CL-46-2
P14_BC9_sorted_rg,AU-6-6
P15_BC10_sorted_rg,CL-47-1
P15_BC11_sorted_rg,CU-15-3
P15_BC12_sorted_rg,EU-68-2
P15_BC13_sorted_rg,AU-12-7
P15_BC14_sorted_rg,CU-21-3
P15_BC15_sorted_rg,EU-9-3
P15_BC16_sorted_rg,CL-15-3
P15_BC17_sorted_rg,CL-25-3
P15_BC18_sorted_rg,AU-32-2
P15_BC19_sorted_rg,AU-7-4
P15_BC1_sorted_rg,EU-85-1-G
P15_BC20_sorted_rg,CL-63-1
P15_BC21_sorted_rg,AU-1-6
P15_BC22_sorted_rg,CL-34-1
P15_BC23_sorted_rg,AU-1-1
P15_BC24_sorted_rg,AU-2-6
P15_BC25_sorted_rg,AU-3-4
P15_BC26_sorted_rg,EL-98-2
P15_BC27_sorted_rg,CL-12-3
P15_BC28_sorted_rg,AL-4-7
P15_BC29_sorted_rg,EL-40-2
P15_BC2_sorted_rg,CU-26-1
P15_BC30_sorted_rg,CU-5-2
P15_BC31_sorted_rg,AU-20-5
P15_BC32_sorted_rg,CU-31-2
P15_BC33_sorted_rg,AU-13-7
P15_BC34_sorted_rg,EL-33-1
P15_BC35_sorted_rg,EU-86-2
P15_BC36_sorted_rg,EU-92-2
P15_BC37_sorted_rg,EL-36-3
P15_BC38_sorted_rg,EL-76-1
P15_BC39_sorted_rg,EL-90-1
P15_BC3_sorted_rg,EU-79-2
P15_BC40_sorted_rg,CL-36-3
P15_BC41_sorted_rg,EL-73-1
P15_BC42_sorted_rg,EU-72-2
P15_BC43_sorted_rg,CL-18-2
P15_BC44_sorted_rg,AL-7-9
P15_BC45_sorted_rg,EL-84-2
P15_BC46_sorted_rg,AL-10-8
P15_BC47_sorted_rg,EU-89-2
P15_BC48_sorted_rg,AU-33-2
P15_BC4_sorted_rg,AL-10-10
P15_BC5_sorted_rg,OPN-6
P15_BC6_sorted_rg,EL-96-1
P15_BC7_sorted_rg,EL-58-1
P15_BC8_sorted_rg,CU-46-1
P15_BC9_sorted_rg,AU-7-2
P16_BC10_sorted_rg,CU-68-1
P16_BC11_sorted_rg,EL-71-2
P16_BC12_sorted_rg,CL-4-3
P16_BC13_sorted_rg,EL-69-1
P16_BC14_sorted_rg,AL-7-6
P16_BC15_sorted_rg,AL-3-8
P16_BC16_sorted_rg,CU-59-2
P16_BC17_sorted_rg,EL-91-1
P16_BC18_sorted_rg,CL-39-1
P16_BC19_sorted_rg,EL-78-2
P16_BC1_sorted_rg,EU-90-2
P16_BC20_sorted_rg,CU-19-1
P16_BC21_sorted_rg,EL-39-1
P16_BC22_sorted_rg,EU-56-1
P16_BC23_sorted_rg,AU-1-2
P16_BC24_sorted_rg,CU-10-3
P16_BC25_sorted_rg,EU-45-3
P16_BC26_sorted_rg,EU-27-2
P16_BC27_sorted_rg,CU-60-1
P16_BC28_sorted_rg,AU-9-5
P16_BC29_sorted_rg,CL-35-1
P16_BC2_sorted_rg,SNB-15
P16_BC30_sorted_rg,CU-10-1
P16_BC31_sorted_rg,AL-7-7
P16_BC32_sorted_rg,AU-7-7
P16_BC33_sorted_rg,EL-61-2
P16_BC34_sorted_rg,CU-18-2
P16_BC35_sorted_rg,AU-10-5
P16_BC36_sorted_rg,AU-8-1
P16_BC37_sorted_rg,EU-88-1
P16_BC38_sorted_rg,EU-54-1
P16_BC39_sorted_rg,EU-27-1
P16_BC3_sorted_rg,CL-52-2
P16_BC40_sorted_rg,EL-74-1
P16_BC41_sorted_rg,CL-53-1
P16_BC42_sorted_rg,CU-48-2
P16_BC43_sorted_rg,EL-51-1
P16_BC44_sorted_rg,AL-8-6-G
P16_BC45_sorted_rg,CL-66-1
P16_BC46_sorted_rg,AL-10-6
P16_BC47_sorted_rg,CU-29-3
P16_BC48_sorted_rg,CU-8-1
P16_BC4_sorted_rg,AL-9-10
P16_BC5_sorted_rg,AL-4-2
P16_BC6_sorted_rg,EU-25-2
P16_BC7_sorted_rg,AL-7-8
P16_BC8_sorted_rg,AL-9-9
P16_BC9_sorted_rg,AU-10-2
P17_BC10_sorted_rg,AU-10-8
P17_BC11_sorted_rg,AU-1-8
P17_BC12_sorted_rg,EU-2-2
P17_BC13_sorted_rg,EU-32-1
P17_BC14_sorted_rg,AL-7-10
P17_BC15_sorted_rg,AU-8-3
P17_BC16_sorted_rg,EL-79-1
P17_BC17_sorted_rg,CL-32-1
P17_BC18_sorted_rg,PET-6
P17_BC19_sorted_rg,AU-7-6
P17_BC1_sorted_rg,CU-41-1
P17_BC20_sorted_rg,CU-24-2
P17_BC21_sorted_rg,EU-84-1
P17_BC22_sorted_rg,AL-7-5
P17_BC23_sorted_rg,EL-23-2
P17_BC24_sorted_rg,CU-85-2
P17_BC25_sorted_rg,CL-31-1
P17_BC26_sorted_rg,AU-6-4
P17_BC27_sorted_rg,AU-9-3
P17_BC28_sorted_rg,CU-64-1
P17_BC29_sorted_rg,AU-11-5
P17_BC2_sorted_rg,CU-29-1
P17_BC30_sorted_rg,EU-29-2
P17_BC31_sorted_rg,CU-29-2
P17_BC32_sorted_rg,EU-7-3
P17_BC33_sorted_rg,EL-95-2
P17_BC34_sorted_rg,CU-52-1
P17_BC35_sorted_rg,AL-10-7
P17_BC36_sorted_rg,EU-45-1
P17_BC37_sorted_rg,EU-44-3
P17_BC38_sorted_rg,AL-2-7
P17_BC39_sorted_rg,EL-57-2
P17_BC3_sorted_rg,EU-90-1
P17_BC40_sorted_rg,EL-99-1
P17_BC41_sorted_rg,EU-27-3
P17_BC42_sorted_rg,EU-77-2
P17_BC43_sorted_rg,AU-6-2
P17_BC44_sorted_rg,CL-3-1
P17_BC45_sorted_rg,EL-76-2
P17_BC46_sorted_rg,CL-17-3
P17_BC47_sorted_rg,EU-81-2
P17_BC48_sorted_rg,CU-61-2
P17_BC4_sorted_rg,CL-27-2
P17_BC5_sorted_rg,EU-44-1
P17_BC6_sorted_rg,AL-10-4
P17_BC7_sorted_rg,EU-24-1
P17_BC8_sorted_rg,AU-2-1
P17_BC9_sorted_rg,CU-30-3
P18_BC10_sorted_rg,CU-23-1
P18_BC11_sorted_rg,AU-28-2
P18_BC12_sorted_rg,CU-33-1
P18_BC13_sorted_rg,CU-62-2
P18_BC14_sorted_rg,CL-11-2
P18_BC15_sorted_rg,AU-12-5
P18_BC16_sorted_rg,AU-11-3
P18_BC17_sorted_rg,EL-49-2
P18_BC18_sorted_rg,CU-16-1-1R
P18_BC19_sorted_rg,EL-32-2
P18_BC1_sorted_rg,EU-19-3
P18_BC20_sorted_rg,AU-3-8
P18_BC21_sorted_rg,CL-64-2
P18_BC22_sorted_rg,AU-12-3
P18_BC23_sorted_rg,AL-8-3
P18_BC24_sorted_rg,EU-39-2
P18_BC25_sorted_rg,CL-23-3
P18_BC26_sorted_rg,CL-30-1
P18_BC27_sorted_rg,CU-5-1
P18_BC28_sorted_rg,EU-73-2
P18_BC29_sorted_rg,AU-6-1
P18_BC2_sorted_rg,EL-41-2
P18_BC30_sorted_rg,CL-30-3
P18_BC31_sorted_rg,CU-11-2
P18_BC32_sorted_rg,EL-80-2
P18_BC33_sorted_rg,AL-6-3
P18_BC34_sorted_rg,CU-50-1
P18_BC35_sorted_rg,EU-50-3
P18_BC36_sorted_rg,EL-92-2
P18_BC37_sorted_rg,EU-54-2
P18_BC38_sorted_rg,AL-8-7
P18_BC39_sorted_rg,EU-91-2
P18_BC3_sorted_rg,EU-72-1
P18_BC40_sorted_rg,AL-6-6
P18_BC4_sorted_rg,EU-39-3
P18_BC5_sorted_rg,EU-20-3
P18_BC6_sorted_rg,EL-16-3
P18_BC7_sorted_rg,SHL-17
P18_BC8_sorted_rg,CU-47-1
P18_BC9_sorted_rg,CU-25-1
P1_BC10_sorted_rg,AL-8-2
P1_BC11_sorted_rg,CL-61-1
P1_BC12_sorted_rg,TRT-5
P1_BC13_sorted_rg,AL-1-7
P1_BC14_sorted_rg,CL-35-3
P1_BC15_sorted_rg,CL-18-1
P1_BC16_sorted_rg,CL-32-2
P1_BC17_sorted_rg,AL-7-3
P1_BC18_sorted_rg,AU-8-5
P1_BC19_sorted_rg,EL-21-2
P1_BC1_sorted_rg,AU-4-4
P1_BC20_sorted_rg,AL-9-5
P1_BC21_sorted_rg,SNB-7
P1_BC22_sorted_rg,AU-4-2
P1_BC23_sorted_rg,EU-52-1
P1_BC24_sorted_rg,EU-12-3
P1_BC25_sorted_rg,EU-15-3
P1_BC26_sorted_rg,EL-7-2
P1_BC27_sorted_rg,EL-88-1
P1_BC28_sorted_rg,EU-26-1
P1_BC29_sorted_rg,EL-69-2
P1_BC2_sorted_rg,EU-1-2
P1_BC30_sorted_rg,EL-3-3
P1_BC31_sorted_rg,AU-24-3
P1_BC32_sorted_rg,EU-6-1
P1_BC33_sorted_rg,EL-11-1
P1_BC34_sorted_rg,AL-2-8
P1_BC35_sorted_rg,AU-5-1
P1_BC36_sorted_rg,CL-32-2
P1_BC37_sorted_rg,PET-10
P1_BC38_sorted_rg,EU-7-2
P1_BC39_sorted_rg,CU-3-2
P1_BC3_sorted_rg,CL-3-3
P1_BC40_sorted_rg,AU-22-3
P1_BC41_sorted_rg,AU-15-1
P1_BC42_sorted_rg,AU-13-3
P1_BC43_sorted_rg,AU-4-6
P1_BC44_sorted_rg,AU-26-4
P1_BC45_sorted_rg,AU-10-4
P1_BC46_sorted_rg,EL-63-2
P1_BC47_sorted_rg,CU-56-2
P1_BC48_sorted_rg,AU-15-5
P1_BC4_sorted_rg,CU-65-1
P1_BC5_sorted_rg,CL-19-3
P1_BC6_sorted_rg,AL-5-7
P1_BC7_sorted_rg,AU-13-6
P1_BC8_sorted_rg,AU-14-8
P1_BC9_sorted_rg,AU-29-3
P2_BC10_sorted_rg,EL-30-3
P2_BC11_sorted_rg,EL-93-1
P2_BC12_sorted_rg,AL-6-5
P2_BC13_sorted_rg,AU-32-1
P2_BC14_sorted_rg,EU-20-2
P2_BC15_sorted_rg,AL-9-6
P2_BC16_sorted_rg,AL-9-1
P2_BC17_sorted_rg,CU-71-2
P2_BC18_sorted_rg,AL-1-9
P2_BC19_sorted_rg,EU-47-3
P2_BC1_sorted_rg,EL-36-1
P2_BC20_sorted_rg,EU-47-2
P2_BC21_sorted_rg,EL-13-2
P2_BC22_sorted_rg,EL-38-2
P2_BC23_sorted_rg,EL-20-2
P2_BC24_sorted_rg,AL-8-8
P2_BC25_sorted_rg,CL-17-1
P2_BC26_sorted_rg,EL-42-1
P2_BC27_sorted_rg,CU-7-1
P2_BC28_sorted_rg,AL-3-9
P2_BC29_sorted_rg,EL-25-1
P2_BC2_sorted_rg,CU-26-2
P2_BC30_sorted_rg,CL-47-2
P2_BC31_sorted_rg,EU-18-3
P2_BC32_sorted_rg,EU-18-1
P2_BC33_sorted_rg,CU-32-1
P2_BC34_sorted_rg,CL-31-2
P2_BC35_sorted_rg,AU-14-3
P2_BC36_sorted_rg,AL-8-1
P2_BC37_sorted_rg,EL-21-1
P2_BC38_sorted_rg,CL-62-2
P2_BC39_sorted_rg,CL-7-2
P2_BC3_sorted_rg,CL-50-1
P2_BC40_sorted_rg,EU-33-2
P2_BC41_sorted_rg,CU-60-2
P2_BC42_sorted_rg,EL-93-2
P2_BC43_sorted_rg,AU-13-1
P2_BC44_sorted_rg,EL-19-3
P2_BC45_sorted_rg,AU-32-4
P2_BC46_sorted_rg,AL-5-5
P2_BC47_sorted_rg,AU-26-5
P2_BC48_sorted_rg,EU-5-2
P2_BC4_sorted_rg,AU-4-3
P2_BC5_sorted_rg,EU-80-1
P2_BC6_sorted_rg,EU-37-1
P2_BC7_sorted_rg,AU-1-4
P2_BC8_sorted_rg,AU-22-5
P2_BC9_sorted_rg,AU-13-8
P3_BC10_sorted_rg,EU-82-2
P3_BC11_sorted_rg,AL-5-1
P3_BC12_sorted_rg,EL-24-3
P3_BC13_sorted_rg,CL-23-1
P3_BC14_sorted_rg,CL-28-3
P3_BC15_sorted_rg,AU-29-4
P3_BC16_sorted_rg,EL-16-1
P3_BC17_sorted_rg,EU-69-1
P3_BC18_sorted_rg,AL-8-5
P3_BC19_sorted_rg,EL-2-1
P3_BC1_sorted_rg,CU-63-1
P3_BC20_sorted_rg,EU-3-2
P3_BC21_sorted_rg,CL-29-2
P3_BC22_sorted_rg,EU-1-3
P3_BC23_sorted_rg,CU-15-1
P3_BC24_sorted_rg,CL-64-1
P3_BC25_sorted_rg,EL-25-2
P3_BC26_sorted_rg,CL-43-1
P3_BC27_sorted_rg,EL-1-2
P3_BC28_sorted_rg,EU-92-1
P3_BC29_sorted_rg,EL-64-1
P3_BC2_sorted_rg,EL-28-1
P3_BC30_sorted_rg,EL-30-1
P3_BC31_sorted_rg,EU-14-1
P3_BC32_sorted_rg,CL-66-2
P3_BC33_sorted_rg,EL-1-1
P3_BC34_sorted_rg,AU-1-3
P3_BC35_sorted_rg,CL-16-2
P3_BC36_sorted_rg,EU-91-2
P3_BC37_sorted_rg,EL-63-1
P3_BC38_sorted_rg,AL-2-9
P3_BC39_sorted_rg,EU-31-1
P3_BC3_sorted_rg,CL-28-2
P3_BC40_sorted_rg,AU-9-8
P3_BC41_sorted_rg,CU-57-1
P3_BC42_sorted_rg,AU-12-8
P3_BC43_sorted_rg,EU-60-1
P3_BC44_sorted_rg,EU-26-2
P3_BC45_sorted_rg,EL-66-2
P3_BC46_sorted_rg,EU-93-1
P3_BC47_sorted_rg,EL-94-2
P3_BC48_sorted_rg,EU-24-2
P3_BC4_sorted_rg,EU-60-2
P3_BC5_sorted_rg,EL-8-1
P3_BC6_sorted_rg,EU-12-2
P3_BC7_sorted_rg,CU-2-2
P3_BC8_sorted_rg,AU-2-4
P3_BC9_sorted_rg,AL-2-6
P4_BC10_sorted_rg,CU-16-2
P4_BC11_sorted_rg,AL-4-4
P4_BC12_sorted_rg,CU-43-1
P4_BC13_sorted_rg,CU-50-2
P4_BC14_sorted_rg,OPN-10
P4_BC15_sorted_rg,CU-34-3
P4_BC16_sorted_rg,AU-16-4
P4_BC17_sorted_rg,EU-17-3
P4_BC18_sorted_rg,EU-22-1
P4_BC19_sorted_rg,AU-2-5
P4_BC1_sorted_rg,EU-61-2
P4_BC20_sorted_rg,AU-23-4
P4_BC21_sorted_rg,EL-29-1
P4_BC22_sorted_rg,AU-7-1
P4_BC23_sorted_rg,EU-35-2
P4_BC24_sorted_rg,CU-43-2
P4_BC25_sorted_rg,EU-80-2
P4_BC26_sorted_rg,CU-30-1
P4_BC27_sorted_rg,AU-24-1
P4_BC28_sorted_rg,EL-7-3
P4_BC29_sorted_rg,CL-16-3
P4_BC2_sorted_rg,CU-34-2
P4_BC30_sorted_rg,EL-7-1
P4_BC31_sorted_rg,EU-30-1
P4_BC32_sorted_rg,CL-19-2-G
P4_BC33_sorted_rg,CL-14-3
P4_BC34_sorted_rg,EL-13-1
P4_BC35_sorted_rg,AU-21-4
P4_BC36_sorted_rg,CU-61-1
P4_BC37_sorted_rg,EL-89-2
P4_BC38_sorted_rg,EL-6-3
P4_BC39_sorted_rg,AL-6-2
P4_BC3_sorted_rg,EU-24-3
P4_BC40_sorted_rg,CL-37-1
P4_BC41_sorted_rg,EU-28-1
P4_BC42_sorted_rg,AL-9-7
P4_BC43_sorted_rg,CU-40-2
P4_BC44_sorted_rg,CL-19-1
P4_BC45_sorted_rg,AU-6-7
P4_BC46_sorted_rg,AL-3-2
P4_BC47_sorted_rg,EL-17-2
P4_BC48_sorted_rg,CL-55-2
P4_BC4_sorted_rg,EU-85-2
P4_BC5_sorted_rg,AL-8-9
P4_BC6_sorted_rg,EU-15-1
P4_BC7_sorted_rg,EU-82-1
P4_BC8_sorted_rg,AL-3-1
P4_BC9_sorted_rg,EU-48-3
P5_BC10_sorted_rg,EL-12-3
P5_BC11_sorted_rg,CL-5-2
P5_BC12_sorted_rg,AU-27-6
P5_BC13_sorted_rg,CU-70-2
P5_BC14_sorted_rg,EL-16-2
P5_BC15_sorted_rg,AU-24-4
P5_BC16_sorted_rg,AU-10-3
P5_BC17_sorted_rg,CU-3-1
P5_BC18_sorted_rg,EU-76-1
P5_BC19_sorted_rg,EU-53-1
P5_BC1_sorted_rg,EL-17-1
P5_BC20_sorted_rg,AU-11-2
P5_BC21_sorted_rg,CU-40-1
P5_BC22_sorted_rg,EU-48-2
P5_BC23_sorted_rg,EL-2-2
P5_BC24_sorted_rg,EL-67-1
P5_BC25_sorted_rg,CU-39-1
P5_BC26_sorted_rg,EU-19-2
P5_BC27_sorted_rg,EL-91-2
P5_BC28_sorted_rg,CU-15-2
P5_BC29_sorted_rg,CU-26-3
P5_BC2_sorted_rg,EL-22-1
P5_BC30_sorted_rg,EU-13-1
P5_BC31_sorted_rg,AL-5-10
P5_BC32_sorted_rg,CU-9-3
P5_BC33_sorted_rg,AL-1-2
P5_BC34_sorted_rg,CU-74-1
P5_BC35_sorted_rg,EU-21-1
P5_BC36_sorted_rg,CL-31-3
P5_BC37_sorted_rg,EU-15-2
P5_BC38_sorted_rg,EL-34-3
P5_BC39_sorted_rg,EL-89-1
P5_BC3_sorted_rg,CU-18-1
P5_BC40_sorted_rg,AL-6-8
P5_BC41_sorted_rg,AL-10-9
P5_BC42_sorted_rg,CU-17-1
P5_BC43_sorted_rg,CU-14-2
P5_BC44_sorted_rg,CU-5-3
P5_BC45_sorted_rg,EU-11-3
P5_BC46_sorted_rg,EL-21-3
P5_BC47_sorted_rg,CU-62-1
P5_BC48_sorted_rg,AU-3-6
P5_BC4_sorted_rg,HHR-6
P5_BC5_sorted_rg,EL-97-1
P5_BC6_sorted_rg,AU-11-4
P5_BC7_sorted_rg,AL-3-7
P5_BC8_sorted_rg,AU-9-7
P5_BC9_sorted_rg,AU-13-2
P6_BC10_sorted_rg,AU-21-1
P6_BC11_sorted_rg,CU-6-3
P6_BC12_sorted_rg,CU-52-2
P6_BC13_sorted_rg,CL-22-3
P6_BC14_sorted_rg,AU-14-7
P6_BC15_sorted_rg,AL-5-3
P6_BC16_sorted_rg,CU-64-2
P6_BC17_sorted_rg,EL-70-2
P6_BC18_sorted_rg,EL-67-2
P6_BC19_sorted_rg,AL-6-7
P6_BC1_sorted_rg,EU-29-3
P6_BC20_sorted_rg,CU-67-2
P6_BC21_sorted_rg,EU-49-1
P6_BC22_sorted_rg,EU-4-1
P6_BC23_sorted_rg,CU-63-2
P6_BC24_sorted_rg,EL-1-3
P6_BC25_sorted_rg,CU-38-3
P6_BC26_sorted_rg,EU-39-1
P6_BC27_sorted_rg,EL-8-2
P6_BC28_sorted_rg,EU-17-1
P6_BC29_sorted_rg,CU-25-3
P6_BC2_sorted_rg,CU-21-2
P6_BC30_sorted_rg,EL-52-1
P6_BC31_sorted_rg,EL-15-3
P6_BC32_sorted_rg,EU-20-1
P6_BC33_sorted_rg,EL-12-1
P6_BC34_sorted_rg,EU-19-1
P6_BC35_sorted_rg,EL-19-1
P6_BC36_sorted_rg,CU-83-1
P6_BC37_sorted_rg,CL-30-2
P6_BC38_sorted_rg,CL-57-2
P6_BC39_sorted_rg,CU-4-1
P6_BC3_sorted_rg,CL-56-1
P6_BC40_sorted_rg,CL-34-3
P6_BC4_sorted_rg,CL-57-1
P6_BC5_sorted_rg,CU-72-2
P6_BC6_sorted_rg,AU-14-5
P6_BC7_sorted_rg,CU-25-2
P6_BC8_sorted_rg,SHL-9
P6_BC9_sorted_rg,AU-12-1
P7_BC10_sorted_rg,AU-9-9
P7_BC11_sorted_rg,CU-68-2
P7_BC12_sorted_rg,CL-14-2
P7_BC13_sorted_rg,AL-2-1
P7_BC14_sorted_rg,CU-79-1-2
P7_BC15_sorted_rg,CU-58-2
P7_BC16_sorted_rg,EL-88-2
P7_BC17_sorted_rg,CL-10-3
P7_BC18_sorted_rg,EL-24-1
P7_BC19_sorted_rg,AL-7-1
P7_BC1_sorted_rg,EU-23-2
P7_BC20_sorted_rg,CU-12-1
P7_BC21_sorted_rg,EL-90-2
P7_BC22_sorted_rg,EL-27-1
P7_BC23_sorted_rg,AU-20-4
P7_BC24_sorted_rg,EU-5-3
P7_BC25_sorted_rg,EU-37-2
P7_BC26_sorted_rg,AU-11-6
P7_BC27_sorted_rg,CL-3-2
P7_BC28_sorted_rg,EU-37-3
P7_BC29_sorted_rg,CL-6-1
P7_BC2_sorted_rg,CU-67-1
P7_BC30_sorted_rg,CU-2-1
P7_BC31_sorted_rg,EU-74-1
P7_BC32_sorted_rg,AL-10-2
P7_BC33_sorted_rg,EU-6-2
P7_BC34_sorted_rg,EU-10-2
P7_BC35_sorted_rg,CL-8-1
P7_BC36_sorted_rg,EL-75-2
P7_BC37_sorted_rg,EU-70-1
P7_BC38_sorted_rg,CL-65-2
P7_BC39_sorted_rg,EU-32-2
P7_BC3_sorted_rg,CU-10-2
P7_BC40_sorted_rg,CU-65-2
P7_BC41_sorted_rg,EU-5-1
P7_BC42_sorted_rg,AU-3-5
P7_BC43_sorted_rg,EL-46-2
P7_BC44_sorted_rg,AU-9-4
P7_BC45_sorted_rg,EL-92-1-1
P7_BC46_sorted_rg,EL-48-1
P7_BC47_sorted_rg,EL-38-1
P7_BC48_sorted_rg,CU-51-1
P7_BC4_sorted_rg,EU-44-2
P7_BC5_sorted_rg,AU-21-5
P7_BC6_sorted_rg,CL-65-1-2
P7_BC7_sorted_rg,CL-13-3
P7_BC8_sorted_rg,CU-69-2
P7_BC9_sorted_rg,CL-60-2
P8_BC10_sorted_rg,EL-71-1
P8_BC11_sorted_rg,AL-4-6
P8_BC12_sorted_rg,AU-3-7
P8_BC13_sorted_rg,CU-83-1
P8_BC14_sorted_rg,EU-46-2
P8_BC15_sorted_rg,EU-17-2
P8_BC16_sorted_rg,CU-57-2
P8_BC17_sorted_rg,EU-49-2
P8_BC18_sorted_rg,CU-54-1
P8_BC19_sorted_rg,AU-25-5
P8_BC1_sorted_rg,AU-20-6
P8_BC20_sorted_rg,SNB-2
P8_BC21_sorted_rg,EL-5-2
P8_BC22_sorted_rg,EU-14-2
P8_BC23_sorted_rg,AU-16-2-1
P8_BC24_sorted_rg,EL-59-1
P8_BC25_sorted_rg,EU-13-3
P8_BC26_sorted_rg,AL-7-2
P8_BC27_sorted_rg,EL-82-2
P8_BC28_sorted_rg,CU-55-2
P8_BC29_sorted_rg,EL-47-2
P8_BC2_sorted_rg,CL-41-1
P8_BC30_sorted_rg,AU-16-2-2
P8_BC31_sorted_rg,EL-72-1
P8_BC32_sorted_rg,AU-5-3
P8_BC33_sorted_rg,CL-8-3
P8_BC34_sorted_rg,EU-25-1
P8_BC35_sorted_rg,AU-22-2
P8_BC36_sorted_rg,AU-22-4
P8_BC37_sorted_rg,AU-11-7
P8_BC38_sorted_rg,EU-87-1
P8_BC39_sorted_rg,EU-71-2
P8_BC3_sorted_rg,EL-42-2
P8_BC40_sorted_rg,AU-33-3
P8_BC41_sorted_rg,EL-74-2
P8_BC42_sorted_rg,EU-56-2
P8_BC43_sorted_rg,CL-1-2
P8_BC44_sorted_rg,CU-22-3
P8_BC45_sorted_rg,AL-2-2
P8_BC46_sorted_rg,EL-83-2
P8_BC47_sorted_rg,EU-52-3
P8_BC48_sorted_rg,TRT-20
P8_BC4_sorted_rg,EL-37-2
P8_BC5_sorted_rg,CL-1-3
P8_BC6_sorted_rg,AL-4-5
P8_BC7_sorted_rg,EL-79-2
P8_BC8_sorted_rg,CL-14-1
P8_BC9_sorted_rg,AL-4-1
P9_BC10_sorted_rg,AU-24-5-1
P9_BC11_sorted_rg,CU-86-1
P9_BC12_sorted_rg,CU-44-2
P9_BC13_sorted_rg,EU-42-2
P9_BC14_sorted_rg,CL-9-2
P9_BC15_sorted_rg,AU-24-5
P9_BC16_sorted_rg,EU-4-2
P9_BC17_sorted_rg,HHR-1
P9_BC18_sorted_rg,EU-25-3
P9_BC19_sorted_rg,EL-81-2
P9_BC1_sorted_rg,AU-2-2
P9_BC20_sorted_rg,AU-15-3
P9_BC21_sorted_rg,CU-53-1
P9_BC22_sorted_rg,AL-1-6
P9_BC23_sorted_rg,AL-3-3
P9_BC24_sorted_rg,EU-11-1
P9_BC25_sorted_rg,EL-14-2
P9_BC26_sorted_rg,EU-33-3
P9_BC27_sorted_rg,EL-26-2
P9_BC28_sorted_rg,AL-1-3
P9_BC29_sorted_rg,AL-1-10
P9_BC2_sorted_rg,AU-8-4
P9_BC30_sorted_rg,PET-7
P9_BC31_sorted_rg,EL-14-3
P9_BC32_sorted_rg,AL-1-5
P9_BC33_sorted_rg,AL-1-1
P9_BC34_sorted_rg,CL-4-2
P9_BC35_sorted_rg,AU-33-5
P9_BC36_sorted_rg,EL-41-1
P9_BC37_sorted_rg,OPN-1
P9_BC38_sorted_rg,EL-26-1
P9_BC39_sorted_rg,EL-39-2
P9_BC3_sorted_rg,EL-47-1
P9_BC40_sorted_rg,AU-33-4
P9_BC41_sorted_rg,AL-10-3
P9_BC42_sorted_rg,EU-38-1
P9_BC43_sorted_rg,CU-66-2
P9_BC44_sorted_rg,EU-30-2
P9_BC45_sorted_rg,EL-35-2
P9_BC46_sorted_rg,EU-2-3
P9_BC47_sorted_rg,AL-1-8
P9_BC48_sorted_rg,EL-86-2
P9_BC4_sorted_rg,EL-27-3
P9_BC5_sorted_rg,EL-14-1
P9_BC6_sorted_rg,CL-44-2
P9_BC7_sorted_rg,EL-15-1
P9_BC8_sorted_rg,AL-3-10
P9_BC9_sorted_rg,AU-10-6-G