"id","PET","SHL","HHR","OPN"
"CL-10-2",1,2,3,4
"CU-21-1",1,2,3,4
"CU-11-1",1,2,3,4
"CL-11-1",1,2,3,4
"CL-36-1",1,2,3,4
"CL-11-3",1,2,3,4
"CL-20-2",1,2,3,4
"CL-48-2",1,2,3,4
"CL-2-1",1,2,3,4
"CU-11-3",1,2,3,4
"CU-66-1",1,2,3,4
"CL-36-2",1,2,3,4
"CU-37-1",1,2,3,4
"CU-72-1",1,2,3,4
"CU-20-3",1,2,3,4
"CU-79-1-1",1,2,3,4
"CU-75-1",1,2,3,4
"CU-55-1",1,2,3,4
"CL-8-2",1,2,3,4
"CU-80-1",1,2,3,4
"CU-77-2",1,2,3,4
"CU-73-1",1,2,3,4
"CU-84-2",1,2,3,4
"CU-7-3",1,2,3,4
"CU-24-1",1,2,3,4
"CU-53-2",1,2,3,4
"CU-47-2",1,2,3,4
"CU-48-1",1,2,3,4
"CL-4-1",1,2,3,4
"CU-31-1",1,2,3,4
"CU-73-2",1,2,3,4
"CU-86-2",1,2,3,4
"CU-14-1",1,2,3,4
"CU-79-2",1,2,3,4
"CU-8-2",1,2,3,4
"CL-41-2",1,2,3,4
"CU-42-1",1,2,3,4
"CL-42-2",1,2,3,4
"CL-42-1",1,2,3,4
"CU-85-1",1,2,3,4
"CL-50-2",1,2,3,4
"CU-88-1",1,2,3,4
"CL-44-1",1,2,3,4
"CU-22-1",1,2,3,4
"CL-5-3",1,2,3,4
"CU-22-2",1,2,3,4
"CL-23-2",1,2,3,4
"CL-28-1",1,2,3,4
"CU-17-3",1,2,3,4
"CL-37-3",1,2,3,4
"CU-59-1",1,2,3,4
"CL-60-1",1,2,3,4
"CL-35-2",1,2,3,4
"CU-20-1",1,2,3,4
"CU-16-1",1,2,3,4
"CU-44-1",1,2,3,4
"CU-3-3",1,2,3,4
"CU-19-2",1,2,3,4
"CU-32-2",1,2,3,4
"CL-29-3",1,2,3,4
"CL-51-2",1,2,3,4
"CU-12-2",1,2,3,4
"CL-43-2",1,2,3,4
"CL-63-2",1,2,3,4
"CL-25-2",1,2,3,4
"CL-12-2-G",1,2,3,4
"CL-46-2",1,2,3,4
"CL-47-1",1,2,3,4
"CU-15-3",1,2,3,4
"CU-21-3",1,2,3,4
"CL-15-3",1,2,3,4
"CL-25-3",1,2,3,4
"CL-63-1",1,2,3,4
"CL-34-1",1,2,3,4
"CL-12-3",1,2,3,4
"CU-26-1",1,2,3,4
"CU-5-2",1,2,3,4
"CU-31-2",1,2,3,4
"CL-36-3",1,2,3,4
"CL-18-2",1,2,3,4
"CU-46-1",1,2,3,4
"CU-68-1",1,2,3,4
"CL-4-3",1,2,3,4
"CU-59-2",1,2,3,4
"CL-39-1",1,2,3,4
"CU-19-1",1,2,3,4
"CU-10-3",1,2,3,4
"CU-60-1",1,2,3,4
"CL-35-1",1,2,3,4
"CU-10-1",1,2,3,4
"CU-18-2",1,2,3,4
"CL-52-2",1,2,3,4
"CL-53-1",1,2,3,4
"CU-48-2",1,2,3,4
"CL-66-1",1,2,3,4
"CU-29-3",1,2,3,4
"CU-8-1",1,2,3,4
"CL-32-1",1,2,3,4
"CU-41-1",1,2,3,4
"CU-24-2",1,2,3,4
"CU-85-2",1,2,3,4
"CL-31-1",1,2,3,4
"CU-64-1",1,2,3,4
"CU-29-1",1,2,3,4
"CU-29-2",1,2,3,4
"CU-52-1",1,2,3,4
"CL-3-1",1,2,3,4
"CL-17-3",1,2,3,4
"CU-61-2",1,2,3,4
"CL-27-2",1,2,3,4
"CU-30-3",1,2,3,4
"CU-23-1",1,2,3,4
"CU-33-1",1,2,3,4
"CU-62-2",1,2,3,4
"CL-11-2",1,2,3,4
"CU-16-1-1R",1,2,3,4
"CL-64-2",1,2,3,4
"CL-23-3",1,2,3,4
"CL-30-1",1,2,3,4
"CU-5-1",1,2,3,4
"CL-30-3",1,2,3,4
"CU-11-2",1,2,3,4
"CU-50-1",1,2,3,4
"CU-47-1",1,2,3,4
"CU-25-1",1,2,3,4
"CL-61-1",1,2,3,4
"CL-35-3",1,2,3,4
"CL-18-1",1,2,3,4
"CL-32-2...413",1,2,3,4
"CL-32-2...434",1,2,3,4
"CU-3-2",1,2,3,4
"CL-3-3",1,2,3,4
"CU-56-2",1,2,3,4
"CU-65-1",1,2,3,4
"CL-19-3",1,2,3,4
"CU-71-2",1,2,3,4
"CL-17-1",1,2,3,4
"CU-7-1",1,2,3,4
"CU-26-2",1,2,3,4
"CL-47-2",1,2,3,4
"CU-32-1",1,2,3,4
"CL-31-2",1,2,3,4
"CL-62-2",1,2,3,4
"CL-7-2",1,2,3,4
"CL-50-1",1,2,3,4
"CU-60-2",1,2,3,4
"CL-23-1",1,2,3,4
"CL-28-3",1,2,3,4
"CU-63-1",1,2,3,4
"CL-29-2",1,2,3,4
"CU-15-1",1,2,3,4
"CL-64-1",1,2,3,4
"CL-43-1",1,2,3,4
"CL-66-2",1,2,3,4
"CL-16-2",1,2,3,4
"CL-28-2",1,2,3,4
"CU-57-1",1,2,3,4
"CU-2-2",1,2,3,4
"CU-16-2",1,2,3,4
"CU-43-1",1,2,3,4
"CU-50-2",1,2,3,4
"CU-34-3",1,2,3,4
"CU-43-2",1,2,3,4
"CU-30-1",1,2,3,4
"CL-16-3",1,2,3,4
"CU-34-2",1,2,3,4
"CL-19-2-G",1,2,3,4
"CL-14-3",1,2,3,4
"CU-61-1",1,2,3,4
"CL-37-1",1,2,3,4
"CU-40-2",1,2,3,4
"CL-19-1",1,2,3,4
"CL-55-2",1,2,3,4
"CL-5-2",1,2,3,4
"CU-70-2",1,2,3,4
"CU-3-1",1,2,3,4
"CU-40-1",1,2,3,4
"CU-39-1",1,2,3,4
"CU-15-2",1,2,3,4
"CU-26-3",1,2,3,4
"CU-9-3",1,2,3,4
"CU-74-1",1,2,3,4
"CL-31-3",1,2,3,4
"CU-18-1",1,2,3,4
"CU-17-1",1,2,3,4
"CU-14-2",1,2,3,4
"CU-5-3",1,2,3,4
"CU-62-1",1,2,3,4
"CU-6-3",1,2,3,4
"CU-52-2",1,2,3,4
"CL-22-3",1,2,3,4
"CU-64-2",1,2,3,4
"CU-67-2",1,2,3,4
"CU-63-2",1,2,3,4
"CU-38-3",1,2,3,4
"CU-25-3",1,2,3,4
"CU-21-2",1,2,3,4
"CU-83-1...671",1,2,3,4
"CL-30-2",1,2,3,4
"CL-57-2",1,2,3,4
"CU-4-1",1,2,3,4
"CL-56-1",1,2,3,4
"CL-34-3",1,2,3,4
"CL-57-1",1,2,3,4
"CU-72-2",1,2,3,4
"CU-25-2",1,2,3,4
"CU-68-2",1,2,3,4
"CL-14-2",1,2,3,4
"CU-79-1-2",1,2,3,4
"CU-58-2",1,2,3,4
"CL-10-3",1,2,3,4
"CU-12-1",1,2,3,4
"CL-3-2",1,2,3,4
"CL-6-1",1,2,3,4
"CU-67-1",1,2,3,4
"CU-2-1",1,2,3,4
"CL-8-1",1,2,3,4
"CL-65-2",1,2,3,4
"CU-10-2",1,2,3,4
"CU-65-2",1,2,3,4
"CU-51-1",1,2,3,4
"CL-65-1-2",1,2,3,4
"CL-13-3",1,2,3,4
"CU-69-2",1,2,3,4
"CL-60-2",1,2,3,4
"CU-83-1...733",1,2,3,4
"CU-57-2",1,2,3,4
"CU-54-1",1,2,3,4
"CU-55-2",1,2,3,4
"CL-41-1",1,2,3,4
"CL-8-3",1,2,3,4
"CL-1-2",1,2,3,4
"CU-22-3",1,2,3,4
"CL-1-3",1,2,3,4
"CL-14-1",1,2,3,4
"CU-86-1",1,2,3,4
"CU-44-2",1,2,3,4
"CL-9-2",1,2,3,4
"CU-53-1",1,2,3,4
"CL-4-2",1,2,3,4
"CU-66-2",1,2,3,4
"CL-44-2",1,2,3,4
