"id","TRT","SNB","HHR","OPN"
"AU-14-1",1,2,3,4
"AU-1-5",1,2,3,4
"AL-2-4",1,2,3,4
"AU-29-1",1,2,3,4
"AL-5-9",1,2,3,4
"AL-5-2",1,2,3,4
"AU-29-6",1,2,3,4
"AU-8-2",1,2,3,4
"AU-33-6",1,2,3,4
"AU-32-3",1,2,3,4
"AU-31-5",1,2,3,4
"AU-32-6",1,2,3,4
"AU-10-7",1,2,3,4
"AU-14-2",1,2,3,4
"AU-32-5",1,2,3,4
"AL-3-4",1,2,3,4
"AL-4-10",1,2,3,4
"AU-15-6",1,2,3,4
"AU-25-3",1,2,3,4
"AU-14-4",1,2,3,4
"AU-3-1",1,2,3,4
"AU-10-1",1,2,3,4
"AU-3-3",1,2,3,4
"AL-3-5",1,2,3,4
"AU-20-1",1,2,3,4
"AL-4-9",1,2,3,4
"AU-21-3",1,2,3,4
"AU-11-8",1,2,3,4
"AL-2-5",1,2,3,4
"AL-6-9",1,2,3,4
"AL-4-8",1,2,3,4
"AU-25-2",1,2,3,4
"AU-15-4",1,2,3,4
"AL-7-4",1,2,3,4
"AL-5-4",1,2,3,4
"AL-2-10",1,2,3,4
"AU-6-3",1,2,3,4
"AL-9-4",1,2,3,4
"AL-8-4",1,2,3,4
"AL-8-10",1,2,3,4
"AU-7-8",1,2,3,4
"AL-10-12",1,2,3,4
"AU-11-1",1,2,3,4
"AU-2-7-R",1,2,3,4
"AU-5-2",1,2,3,4
"AU-12-6",1,2,3,4
"AU-25-4",1,2,3,4
"AU-4-7",1,2,3,4
"AL-4-3",1,2,3,4
"AU-1-7",1,2,3,4
"AU-15-2",1,2,3,4
"AU-4-1",1,2,3,4
"AU-7-5",1,2,3,4
"AL-9-3",1,2,3,4
"AU-13-5",1,2,3,4
"AU-4-8",1,2,3,4
"AU-7-3",1,2,3,4
"AL-2-3",1,2,3,4
"AL-10-5",1,2,3,4
"AU-6-6",1,2,3,4
"AU-12-7",1,2,3,4
"AU-32-2",1,2,3,4
"AU-7-4",1,2,3,4
"AU-1-6",1,2,3,4
"AU-1-1",1,2,3,4
"AU-2-6",1,2,3,4
"AU-3-4",1,2,3,4
"AL-4-7",1,2,3,4
"AU-20-5",1,2,3,4
"AU-13-7",1,2,3,4
"AL-7-9",1,2,3,4
"AL-10-8",1,2,3,4
"AU-33-2",1,2,3,4
"AL-10-10",1,2,3,4
"AU-7-2",1,2,3,4
"AL-7-6",1,2,3,4
"AL-3-8",1,2,3,4
"AU-1-2",1,2,3,4
"AU-9-5",1,2,3,4
"AL-7-7",1,2,3,4
"AU-7-7",1,2,3,4
"AU-10-5",1,2,3,4
"AU-8-1",1,2,3,4
"AL-8-6-G",1,2,3,4
"AL-10-6",1,2,3,4
"AL-9-10",1,2,3,4
"AL-4-2",1,2,3,4
"AL-7-8",1,2,3,4
"AL-9-9",1,2,3,4
"AU-10-2",1,2,3,4
"AU-10-8",1,2,3,4
"AU-1-8",1,2,3,4
"AL-7-10",1,2,3,4
"AU-8-3",1,2,3,4
"AU-7-6",1,2,3,4
"AL-7-5",1,2,3,4
"AU-6-4",1,2,3,4
"AU-9-3",1,2,3,4
"AU-11-5",1,2,3,4
"AL-10-7",1,2,3,4
"AL-2-7",1,2,3,4
"AU-6-2",1,2,3,4
"AL-10-4",1,2,3,4
"AU-2-1",1,2,3,4
"AU-28-2",1,2,3,4
"AU-12-5",1,2,3,4
"AU-11-3",1,2,3,4
"AU-3-8",1,2,3,4
"AU-12-3",1,2,3,4
"AL-8-3",1,2,3,4
"AU-6-1",1,2,3,4
"AL-6-3",1,2,3,4
"AL-8-7",1,2,3,4
"AL-6-6",1,2,3,4
"AL-8-2",1,2,3,4
"AL-1-7",1,2,3,4
"AL-7-3",1,2,3,4
"AU-8-5",1,2,3,4
"AU-4-4",1,2,3,4
"AL-9-5",1,2,3,4
"AU-4-2",1,2,3,4
"AU-24-3",1,2,3,4
"AL-2-8",1,2,3,4
"AU-5-1",1,2,3,4
"AU-22-3",1,2,3,4
"AU-15-1",1,2,3,4
"AU-13-3",1,2,3,4
"AU-4-6",1,2,3,4
"AU-26-4",1,2,3,4
"AU-10-4",1,2,3,4
"AU-15-5",1,2,3,4
"AL-5-7",1,2,3,4
"AU-13-6",1,2,3,4
"AU-14-8",1,2,3,4
"AU-29-3",1,2,3,4
"AL-6-5",1,2,3,4
"AU-32-1",1,2,3,4
"AL-9-6",1,2,3,4
"AL-9-1",1,2,3,4
"AL-1-9",1,2,3,4
"AL-8-8",1,2,3,4
"AL-3-9",1,2,3,4
"AU-14-3",1,2,3,4
"AL-8-1",1,2,3,4
"AU-13-1",1,2,3,4
"AU-32-4",1,2,3,4
"AL-5-5",1,2,3,4
"AU-26-5",1,2,3,4
"AU-4-3",1,2,3,4
"AU-1-4",1,2,3,4
"AU-22-5",1,2,3,4
"AU-13-8",1,2,3,4
"AL-5-1",1,2,3,4
"AU-29-4",1,2,3,4
"AL-8-5",1,2,3,4
"AU-1-3",1,2,3,4
"AL-2-9",1,2,3,4
"AU-9-8",1,2,3,4
"AU-12-8",1,2,3,4
"AU-2-4",1,2,3,4
"AL-2-6",1,2,3,4
"AL-4-4",1,2,3,4
"AU-16-4",1,2,3,4
"AU-2-5",1,2,3,4
"AU-23-4",1,2,3,4
"AU-7-1",1,2,3,4
"AU-24-1",1,2,3,4
"AU-21-4",1,2,3,4
"AL-6-2",1,2,3,4
"AL-9-7",1,2,3,4
"AU-6-7",1,2,3,4
"AL-3-2",1,2,3,4
"AL-8-9",1,2,3,4
"AL-3-1",1,2,3,4
"AU-27-6",1,2,3,4
"AU-24-4",1,2,3,4
"AU-10-3",1,2,3,4
"AU-11-2",1,2,3,4
"AL-5-10",1,2,3,4
"AL-1-2",1,2,3,4
"AL-6-8",1,2,3,4
"AL-10-9",1,2,3,4
"AU-3-6",1,2,3,4
"AU-11-4",1,2,3,4
"AL-3-7",1,2,3,4
"AU-9-7",1,2,3,4
"AU-13-2",1,2,3,4
"AU-21-1",1,2,3,4
"AU-14-7",1,2,3,4
"AL-5-3",1,2,3,4
"AL-6-7",1,2,3,4
"AU-14-5",1,2,3,4
"AU-12-1",1,2,3,4
"AU-9-9",1,2,3,4
"AL-2-1",1,2,3,4
"AL-7-1",1,2,3,4
"AU-20-4",1,2,3,4
"AU-11-6",1,2,3,4
"AL-10-2",1,2,3,4
"AU-3-5",1,2,3,4
"AU-9-4",1,2,3,4
"AU-21-5",1,2,3,4
"AL-4-6",1,2,3,4
"AU-3-7",1,2,3,4
"AU-25-5",1,2,3,4
"AU-20-6",1,2,3,4
"AU-16-2-1",1,2,3,4
"AL-7-2",1,2,3,4
"AU-16-2-2",1,2,3,4
"AU-5-3",1,2,3,4
"AU-22-2",1,2,3,4
"AU-22-4",1,2,3,4
"AU-11-7",1,2,3,4
"AU-33-3",1,2,3,4
"AL-2-2",1,2,3,4
"AL-4-5",1,2,3,4
"AL-4-1",1,2,3,4
"AU-24-5-1",1,2,3,4
"AU-24-5",1,2,3,4
"AU-2-2",1,2,3,4
"AU-15-3",1,2,3,4
"AL-1-6",1,2,3,4
"AL-3-3",1,2,3,4
"AL-1-3",1,2,3,4
"AL-1-10",1,2,3,4
"AU-8-4",1,2,3,4
"AL-1-5",1,2,3,4
"AL-1-1",1,2,3,4
"AU-33-5",1,2,3,4
"AU-33-4",1,2,3,4
"AL-10-3",1,2,3,4
"AL-1-8",1,2,3,4
"AL-3-10",1,2,3,4
"AU-10-6-G",1,2,3,4
